"1","chr1",30992390,31007099,"chr1_31465237_31479946_-",0,"-","chr1_30992390_31007099_-","chr1_30992390_31007099_","TRUE","FALSE","FALSE","FALSE","FALSE",1,"TRUE","FALSE","TRUE","FALSE",2
"2","chr1",111454211,111454356,"chr1_111996833_111996978_+",0,"+","chr1_111454211_111454356_+","chr1_111454211_111454356_","FALSE","FALSE","FALSE","TRUE","FALSE",1,"FALSE","TRUE","FALSE","FALSE",1
"3","chr1",144915702,144960397,"chr1_144048709_144094424_-",0,"-","chr1_144915702_144960397_-","chr1_144915702_144960397_","TRUE","FALSE","FALSE","FALSE","FALSE",1,"FALSE","FALSE","FALSE","FALSE",0
"4","chr1",144995007,144995199,"chr1_144013901_144014093_-",0,"-","chr1_144995007_144995199_-","chr1_144995007_144995199_","TRUE","FALSE","FALSE","FALSE","FALSE",1,"FALSE","FALSE","FALSE","FALSE",0
"5","chr1",145616233,145631743,"chr1_145803308_145818826_+",0,"+","chr1_145616233_145631743_+","chr1_145616233_145631743_","TRUE","FALSE","FALSE","TRUE","FALSE",2,"FALSE","FALSE","FALSE","FALSE",0
"6","chr1",145616233,145647266,"chr1_145787772_145818826_+",0,"+","chr1_145616233_145647266_+","chr1_145616233_145647266_","TRUE","FALSE","FALSE","FALSE","FALSE",1,"FALSE","FALSE","FALSE","FALSE",0
"7","chr1",145631663,145665650,"chr1_145769408_145803388_+",0,"+","chr1_145631663_145665650_+","chr1_145631663_145665650_","TRUE","FALSE","FALSE","FALSE","FALSE",1,"FALSE","FALSE","FALSE","FALSE",0
"8","chr1",145643868,145647266,"chr1_145787772_145791170_+",0,"+","chr1_145643868_145647266_+","chr1_145643868_145647266_","TRUE","FALSE","FALSE","TRUE","FALSE",2,"FALSE","FALSE","FALSE","FALSE",0
"9","chr1",145643868,145665650,"chr1_145769408_145791170_+",0,"+","chr1_145643868_145665650_+","chr1_145643868_145665650_","TRUE","FALSE","FALSE","FALSE","FALSE",1,"FALSE","FALSE","FALSE","FALSE",0
"10","chr1",145750406,145788965,"chr1_145646115_145684678_-",0,"-","chr1_145750406_145788965_-","chr1_145750406_145788965_","TRUE","FALSE","FALSE","FALSE","FALSE",1,"FALSE","FALSE","FALSE","FALSE",0
"11","chr1",145771710,145788965,"chr1_145646115_145663367_-",0,"-","chr1_145771710_145788965_-","chr1_145771710_145788965_","TRUE","TRUE","FALSE","TRUE","FALSE",3,"FALSE","FALSE","FALSE","FALSE",0
"12","chr1",145771710,145794195,"chr1_145640883_145663367_-",0,"-","chr1_145771710_145794195_-","chr1_145771710_145794195_","TRUE","FALSE","FALSE","FALSE","FALSE",1,"FALSE","FALSE","FALSE","FALSE",0
"13","chr1",145784538,145794195,"chr1_145640883_145650540_-",0,"-","chr1_145784538_145794195_-","chr1_145784538_145794195_","TRUE","FALSE","FALSE","FALSE","FALSE",1,"FALSE","FALSE","FALSE","FALSE",0
"14","chr1",145839889,145841070,"chr1_145594039_145595220_+",0,"+","chr1_145839889_145841070_+","chr1_145839889_145841070_","TRUE","TRUE","TRUE","TRUE","FALSE",4,"FALSE","FALSE","FALSE","FALSE",0
"15","chr1",145839889,145842476,"chr1_145592633_145595220_+",0,"+","chr1_145839889_145842476_+","chr1_145839889_145842476_","TRUE","TRUE","FALSE","FALSE","FALSE",2,"FALSE","FALSE","FALSE","FALSE",0
"16","chr1",145866609,145868399,"chr1_145566686_145568476_-",0,"-","chr1_145866609_145868399_-","chr1_145866609_145868399_","FALSE","TRUE","FALSE","FALSE","FALSE",1,"FALSE","FALSE","FALSE","FALSE",0
"17","chr1",145942712,145947781,"chr1_145487304_145492375_-",0,"-","chr1_145942712_145947781_-","chr1_145942712_145947781_","FALSE","FALSE","TRUE","FALSE","FALSE",1,"FALSE","FALSE","FALSE","FALSE",0
"18","chr1",145974824,145975435,"chr1_145459652_145460263_+",0,"+","chr1_145974824_145975435_+","chr1_145974824_145975435_","TRUE","FALSE","FALSE","FALSE","FALSE",1,"FALSE","FALSE","FALSE","FALSE",0
"19","chr1",146189299,146211128,"chr1_145227041_145248894_-",0,"-","chr1_146189299_146211128_-","chr1_146189299_146211128_","FALSE","FALSE","FALSE","TRUE","FALSE",1,"FALSE","FALSE","FALSE","FALSE",0
"20","chr1",148863249,148868621,"chr1_145015860_145021167_+",0,"+","chr1_148863249_148868621_+","chr1_148863249_148868621_","TRUE","FALSE","FALSE","FALSE","FALSE",1,"FALSE","FALSE","FALSE","FALSE",0
"21","chr1",148863249,148889893,"chr1_144994591_145021167_+",0,"+","chr1_148863249_148889893_+","chr1_148863249_148889893_","TRUE","TRUE","FALSE","FALSE","TRUE",3,"FALSE","FALSE","FALSE","FALSE",0
"22","chr1",148863249,148937863,"chr1_144946625_145021167_+",0,"+","chr1_148863249_148937863_+","chr1_148863249_148937863_","TRUE","FALSE","FALSE","FALSE","FALSE",1,"FALSE","FALSE","FALSE","FALSE",0
"23","chr1",148868470,148889893,"chr1_144994591_145016011_+",0,"+","chr1_148868470_148889893_+","chr1_148868470_148889893_","TRUE","FALSE","FALSE","FALSE","FALSE",1,"FALSE","FALSE","FALSE","FALSE",0
"24","chr1",148868470,148937863,"chr1_144946625_145016011_+",0,"+","chr1_148868470_148937863_+","chr1_148868470_148937863_","TRUE","FALSE","FALSE","FALSE","FALSE",1,"FALSE","FALSE","FALSE","FALSE",0
"25","chr1",148889783,148937863,"chr1_144946625_144994701_+",0,"+","chr1_148889783_148937863_+","chr1_148889783_148937863_","TRUE","FALSE","FALSE","FALSE","FALSE",1,"FALSE","FALSE","FALSE","FALSE",0
"26","chr1",148931799,148937863,"chr1_144946625_144952689_+",0,"+","chr1_148931799_148937863_+","chr1_148931799_148937863_","FALSE","FALSE","FALSE","TRUE","FALSE",1,"FALSE","FALSE","FALSE","FALSE",0
"27","chr1",148961836,148962639,"chr1_144921835_144922638_+",0,"+","chr1_148961836_148962639_+","chr1_148961836_148962639_","TRUE","FALSE","FALSE","TRUE","FALSE",2,"FALSE","FALSE","FALSE","FALSE",0
"28","chr1",148961836,148972591,"chr1_144911882_144922638_+",0,"+","chr1_148961836_148972591_+","chr1_148961836_148972591_","TRUE","FALSE","FALSE","FALSE","FALSE",1,"FALSE","FALSE","FALSE","FALSE",0
"29","chr1",148966977,148967725,"chr1_144916749_144917497_+",0,"+","chr1_148966977_148967725_+","chr1_148966977_148967725_","FALSE","FALSE","FALSE","FALSE","TRUE",1,"FALSE","FALSE","FALSE","FALSE",0
"30","chr1",148972179,148974604,"chr1_144909869_144912294_+",0,"+","chr1_148972179_148974604_+","chr1_148972179_148974604_","TRUE","FALSE","FALSE","FALSE","FALSE",1,"FALSE","FALSE","FALSE","FALSE",0
"31","chr1",148991884,149003041,"chr1_144881430_144892589_+",0,"+","chr1_148991884_149003041_+","chr1_148991884_149003041_","TRUE","FALSE","FALSE","FALSE","FALSE",1,"FALSE","FALSE","FALSE","FALSE",0
"32","chr1",149081964,149098705,"chr1_144598512_144615303_-",0,"-","chr1_149081964_149098705_-","chr1_149081964_149098705_","FALSE","FALSE","FALSE","TRUE","FALSE",1,"FALSE","FALSE","FALSE","FALSE",0
"33","chr1",149098437,149098705,"chr1_144598512_144598780_-",0,"-","chr1_149098437_149098705_-","chr1_149098437_149098705_","FALSE","FALSE","FALSE","TRUE","FALSE",1,"FALSE","FALSE","FALSE","FALSE",0
"34","chr10",45939360,45962993,"chr10_51632846_51656468_-",0,"-","chr10_45939360_45962993_-","chr10_45939360_45962993_","TRUE","FALSE","FALSE","FALSE","TRUE",2,"FALSE","FALSE","FALSE","FALSE",0
"35","chr10",45975453,45988846,"chr10_51606988_51620382_+",0,"+","chr10_45975453_45988846_+","chr10_45975453_45988846_","FALSE","FALSE","FALSE","TRUE","FALSE",1,"FALSE","FALSE","FALSE","FALSE",0
"36","chr10",46010222,46011205,"chr10_51584616_51585599_-",0,"-","chr10_46010222_46011205_-","chr10_46010222_46011205_","TRUE","TRUE","FALSE","FALSE","FALSE",2,"FALSE","FALSE","FALSE","FALSE",0
"37","chr10",46014443,46016693,"chr10_51579128_51581378_-",0,"-","chr10_46014443_46016693_-","chr10_46014443_46016693_","TRUE","TRUE","FALSE","TRUE","FALSE",3,"FALSE","FALSE","FALSE","FALSE",0
"38","chr11",77698487,77702493,"chr11_77409532_77413538_-",0,"-","chr11_77698487_77702493_-","chr11_77698487_77702493_","FALSE","FALSE","FALSE","FALSE","TRUE",1,"TRUE","FALSE","FALSE","FALSE",1
"39","chr12",350621,356533,"chr12_459787_465699_-",0,"-","chr12_350621_356533_-","chr12_350621_356533_","TRUE","FALSE","FALSE","FALSE","FALSE",1,"TRUE","FALSE","FALSE","FALSE",1
"40","chr15",22534067,22534242,"chr15_23338853_23339028_+",0,"+","chr15_22534067_22534242_+","chr15_22534067_22534242_","TRUE","FALSE","FALSE","TRUE","FALSE",2,"FALSE","FALSE","FALSE","FALSE",0
"41","chr15",22534067,22539246,"chr15_23333849_23339028_+",0,"+","chr15_22534067_22539246_+","chr15_22534067_22539246_","TRUE","FALSE","FALSE","FALSE","FALSE",1,"FALSE","FALSE","FALSE","FALSE",0
"42","chr15",22541994,22543137,"chr15_23329958_23331101_+",0,"+","chr15_22541994_22543137_+","chr15_22541994_22543137_","TRUE","FALSE","FALSE","FALSE","FALSE",1,"FALSE","FALSE","FALSE","FALSE",0
"43","chr15",22667897,22681604,"chr15_23191491_23205198_+",0,"+","chr15_22667897_22681604_+","chr15_22667897_22681604_","TRUE","FALSE","FALSE","FALSE","FALSE",1,"FALSE","FALSE","FALSE","FALSE",0
"44","chr15",22909193,22947290,"chr15_22925777_22963874_-",0,"-","chr15_22909193_22947290_-","chr15_22909193_22947290_","FALSE","FALSE","FALSE","TRUE","FALSE",1,"FALSE","FALSE","FALSE","FALSE",0
"45","chr15",23000568,23006351,"chr15_22866716_22872499_-",0,"-","chr15_23000568_23006351_-","chr15_23000568_23006351_","FALSE","TRUE","FALSE","FALSE","FALSE",1,"FALSE","FALSE","FALSE","FALSE",0
"46","chr15",23021958,23037151,"chr15_22835916_22851109_-",0,"-","chr15_23021958_23037151_-","chr15_23021958_23037151_","TRUE","FALSE","FALSE","FALSE","FALSE",1,"FALSE","FALSE","FALSE","FALSE",0
"47","chr15",23023946,23037151,"chr15_22835916_22849121_-",0,"-","chr15_23023946_23037151_-","chr15_23023946_23037151_","TRUE","TRUE","FALSE","FALSE","FALSE",2,"FALSE","FALSE","FALSE","FALSE",0
"48","chr15",23026115,23037151,"chr15_22835916_22846952_-",0,"-","chr15_23026115_23037151_-","chr15_23026115_23037151_","TRUE","TRUE","FALSE","FALSE","FALSE",2,"FALSE","FALSE","FALSE","FALSE",0
"49","chr15",23027191,23037151,"chr15_22835916_22845876_-",0,"-","chr15_23027191_23037151_-","chr15_23027191_23037151_","FALSE","FALSE","FALSE","TRUE","FALSE",1,"FALSE","FALSE","FALSE","FALSE",0
"50","chr15",23030884,23037151,"chr15_22835916_22842183_-",0,"-","chr15_23030884_23037151_-","chr15_23030884_23037151_","TRUE","TRUE","FALSE","FALSE","FALSE",2,"FALSE","FALSE","FALSE","FALSE",0
"51","chr19",11058255,11060187,"chr19_11168931_11170863_+",0,"+","chr19_11058255_11060187_+","chr19_11058255_11060187_","FALSE","FALSE","FALSE","TRUE","FALSE",1,"TRUE","TRUE","TRUE","FALSE",3
"52","chr19",50398848,50399484,"chr19_50902105_50902741_+",0,"+","chr19_50398848_50399484_+","chr19_50398848_50399484_","TRUE","FALSE","FALSE","FALSE","FALSE",1,"TRUE","TRUE","TRUE","FALSE",3
"53","chr5",93553761,93563460,"chr5_92889467_92899166_-",0,"-","chr5_93553761_93563460_-","chr5_93553761_93563460_","TRUE","FALSE","FALSE","FALSE","FALSE",1,"TRUE","TRUE","TRUE","FALSE",3
"54","chr9",42856197,42864464,"chr9_44106654_44114921_+",0,"+","chr9_42856197_42864464_+","chr9_42856197_42864464_","FALSE","TRUE","FALSE","FALSE","FALSE",1,"FALSE","FALSE","FALSE","FALSE",0
"55","chr9",67188784,67201218,"chr9_40491622_40504056_+",0,"+","chr9_67188784_67201218_+","chr9_67188784_67201218_","TRUE","FALSE","FALSE","FALSE","FALSE",1,"FALSE","FALSE","FALSE","FALSE",0
"56","chr9",76629192,76644909,"chr9_79244108_79259825_-",0,"-","chr9_76629192_76644909_-","chr9_76629192_76644909_","TRUE","FALSE","FALSE","FALSE","FALSE",1,"TRUE","TRUE","FALSE","FALSE",2
